gene1_idx,gene2_idx,gene1,gene2,family_id,true_label,predicted_pi,fold
5780,6101,YOR256C,YPL176C,544,1,0.7805903553962708,0
5761,6070,YOR237W,YPL145C,541,1,0.7084861993789673,3
5758,6068,YOR234C,YPL143W,540,1,0.8275386095046997,1
5757,6066,YOR233W,YPL141C,539,0,0.6650156378746033,4
5755,6065,YOR231W,YPL140C,538,1,0.6184488534927368,2
5753,6064,YOR229W,YPL139C,537,1,0.4811612069606781,1
5751,6062,YOR227W,YPL137C,536,1,0.48067140579223633,0
5750,6060,YOR226C,YPL135W,535,1,0.4565737247467041,4
5746,6059,YOR222W,YPL134C,534,0,0.1319204419851303,0
5728,6044,YOR204W,YPL119C,532,1,0.7263723015785217,4
5717,6037,YOR193W,YPL112C,530,1,0.9545486569404602,0
5237,5477,YNL302C,YOL121C,442,1,0.991278350353241,0
5236,5476,YNL301C,YOL120C,441,1,0.8238541483879089,1
5234,5471,YNL299W,YOL115W,439,1,0.50779128074646,1
5233,5469,YNL298W,YOL113W,438,0,0.3893381357192993,3
5228,5468,YNL293W,YOL112W,437,1,0.6385402083396912,4
5043,5634,YNL108C,YOR110W,474,1,0.6800798177719116,2
5041,5633,YNL106C,YOR109W,473,1,0.6384768486022949,4
5033,5625,YNL098C,YOR101W,471,0,0.9139065146446228,0
5030,5616,YNL095C,YOR092W,469,1,0.5315455794334412,4
5028,5613,YNL093W,YOR089C,468,1,0.6027483940124512,3
5022,5610,YNL087W,YOR086C,467,1,0.8133541941642761,0
4849,5843,YMR246W,YOR317W,499,0,0.9570653438568115,0
4845,5842,YMR243C,YOR316C,498,1,0.9228810667991638,0
4844,5838,YMR242C,YOR312C,497,1,0.9954056739807129,0
4839,5824,YMR237W,YOR299W,496,1,0.43718183040618896,0
4835,5819,YMR233W,YOR295W,494,1,0.9340184330940247,0
4824,5804,YMR222C,YOR280C,493,1,0.46084827184677124,4
4809,5290,YMR207C,YNR016C,394,1,0.6226885914802551,2
4808,5288,YMR206W,YNR014W,393,1,0.2720853388309479,1
4801,6182,YMR199W,YPL256C,563,1,0.6530802249908447,4
4800,6179,YMR198W,YPL253C,562,1,0.30962494015693665,3
4797,6176,YMR195W,YPL250C,561,0,0.2893165051937103,1
4796,6175,YMR194W,YPL249C-A,560,1,0.730403482913971,1
4792,6174,YMR192W,YPL249C,559,1,0.696952223777771,1
4786,6165,YMR186W,YPL240C,558,1,0.4831359386444092,2
4783,6157,YMR183C,YPL232W,557,1,0.5444461703300476,2
4781,6154,YMR181C,YPL229W,556,1,0.5631788372993469,2
4777,6149,YMR177W,YPL224C,555,1,0.5165192484855652,2
4712,4942,YMR119W,YNL008C,348,1,0.3641713261604309,2
4596,5364,YMR008C,YOL011W,414,1,0.5089054703712463,1
4573,4887,YML118W,YMR285C,341,1,0.6918762922286987,1
4570,4881,YML116W,YMR279C,340,1,0.38134869933128357,4
4565,4877,YML111W,YMR275C,339,1,0.48975712060928345,2
4563,4875,YML109W,YMR273C,338,1,0.6305732727050781,3
4560,4873,YML106W,YMR271C,337,1,0.7447839975357056,3
4554,4866,YML101C,YMR264W,334,1,0.2698170840740204,3
4552,4863,YML100W,YMR261C,333,1,0.16666819155216217,4
4538,4580,YML087C,YML125C,302,1,0.9462811350822449,0
4536,4579,YML085C,YML124C,301,1,0.7783469557762146,1
4435,6388,YLR457C,YPR174C,596,0,0.4066333770751953,3
4434,6386,YLR456W,YPR172W,595,1,0.5435051321983337,2
4428,4525,YLR450W,YML075C,298,1,0.6040064096450806,1
4427,4524,YLR449W,YML074C,297,1,0.8190691471099854,3
4419,4513,YLR441C,YML063W,296,1,0.9470296502113342,0
4414,4508,YLR437C,YML058W,294,1,0.5037341117858887,2
4410,4506,YLR433C,YML057W,293,1,0.8841104507446289,0
4409,4505,YLR432W,YML056C,292,1,0.8198299407958984,3
4274,5714,YLR300W,YOR190W,487,0,0.5883443355560303,4
4267,5709,YLR293C,YOR185C,486,1,0.9345204830169678,0
4257,5704,YLR284C,YOR180C,485,1,0.4967779219150543,3
4246,5702,YLR273C,YOR178C,484,1,0.3326554000377655,3
4243,5697,YLR270W,YOR173W,483,1,0.5022069811820984,3
4237,5691,YLR264W,YOR167C,480,1,0.9653407335281372,0
4232,5695,YLR260W,YOR171C,481,1,0.6693630814552307,1
4220,4948,YLR249W,YNL014W,350,1,0.838486909866333,1
4158,5213,YLR187W,YNL278W,386,1,0.6014202237129211,3
4145,4943,YLR174W,YNL009W,349,1,0.4279681146144867,1
3999,4719,YLR031W,YMR124W,324,1,0.40707114338874817,4
3997,4715,YLR029C,YMR121C,323,1,0.7003864049911499,2
3996,4714,YLR028C,YMR120C,322,1,0.6306886672973633,2
3962,6200,YLL061W,YPL274W,566,1,0.6396400332450867,3
3922,4288,YLL021W,YLR313C,257,1,0.6132386326789856,3
3916,4284,YLL016W,YLR310C,218,1,0.5094116926193237,2
3912,3988,YLL012W,YLR020C,224,1,0.6030852198600769,2
3884,5607,YKR091W,YOR083W,466,0,0.37582460045814514,1
3882,5605,YKR089C,YOR081C,465,0,0.6721081137657166,4
3871,5593,YKR078W,YOR069W,462,1,0.7513185143470764,4
3870,5590,YKR077W,YOR066W,461,0,0.17183992266654968,0
3868,5586,YKR075C,YOR062C,460,1,0.5412772297859192,4
3865,5578,YKR072C,YOR054C,464,1,0.473622590303421,4
3786,3952,YKL220C,YLL051C,221,1,0.5274338722229004,2
3754,4390,YKL187C,YLR413W,277,1,0.563576340675354,1
3708,4711,YKL141W,YMR118C,321,1,0.5913951396942139,2
3700,4708,YKL133C,YMR115W,320,1,0.6366884112358093,4
3699,4706,YKL132C,YMR113W,319,1,0.5686455368995667,2
3694,4698,YKL127W,YMR105C,318,1,0.3638994097709656,3
3693,4697,YKL126W,YMR104C,317,0,0.6188810467720032,3
3688,4695,YKL121W,YMR102C,316,1,0.6049554944038391,3
3672,4679,YKL105C,YMR086W,463,1,0.8347507119178772,0
3671,4676,YKL104C,YMR084W,314,0,0.28355005383491516,1
3659,4673,YKL093W,YMR081C,313,1,0.2991196811199188,1
3657,4671,YKL091C,YMR079W,312,0,0.3507269620895386,0
3638,4644,YKL072W,YMR053C,310,1,0.3633309602737427,1
3634,4637,YKL068W,YMR047C,309,1,0.6348894834518433,1
3631,4629,YKL065C,YMR040W,307,1,0.24125799536705017,4
3628,4626,YKL062W,YMR037C,306,1,0.25753283500671387,4
3616,4619,YKL050C,YMR031C,305,1,0.44075310230255127,1
3609,4604,YKL043W,YMR016C,304,0,0.5290845036506653,4
3597,4663,YKL032C,YMR072W,577,1,0.5178268551826477,3
3531,4533,YJR130C,YML082W,299,1,0.6467624306678772,2
3528,4532,YJR127C,YML081W,516,1,0.36517074704170227,0
3491,6252,YJR091C,YPR042C,576,1,0.46014535427093506,1
3467,3769,YJR066W,YKL203C,192,1,0.7322075366973877,3
3462,3767,YJR061W,YKL201C,191,1,0.4730386435985565,4
3460,3765,YJR059W,YKL198C,190,1,0.45899173617362976,1
3455,4495,YJR054W,YML047C,291,1,0.3824845850467682,2
3356,3431,YJL181W,YJR030C,163,1,0.5534987449645996,3
3352,3747,YJL177W,YKL180W,189,1,0.8435853719711304,1
3340,3735,YJL165C,YKL168C,188,1,0.7792127132415771,0
3339,3733,YJL164C,YKL166C,550,1,0.547376811504364,4
3314,3854,YJL139C,YKR061W,211,1,0.4108853042125702,0
3313,3852,YJL138C,YKR059W,209,1,0.7263476848602295,3
3312,3851,YJL137C,YKR058W,208,1,0.5753937363624573,2
3309,3846,YJL134W,YKR053C,207,1,0.7719547748565674,0
3308,3845,YJL133W,YKR052C,206,1,0.6369502544403076,1
3304,3843,YJL129C,YKR050W,205,1,0.7642819881439209,4
3291,3835,YJL116C,YKR042W,204,1,0.3851136267185211,3
3287,3829,YJL112W,YKR036C,203,1,0.7246442437171936,3
3285,3826,YJL110C,YKR034W,202,0,0.3940001428127289,3
3280,3821,YJL105W,YKR029C,201,1,0.5058394074440002,0
3274,3819,YJL099W,YKR027W,200,1,0.6549285650253296,2
3259,3813,YJL084C,YKR021W,199,1,0.7056756019592285,4
3258,3811,YJL083W,YKR019C,198,1,0.6889538764953613,1
3257,3810,YJL082W,YKR018C,197,1,0.5861163139343262,2
3254,3805,YJL079C,YKR013W,196,1,0.29268842935562134,4
3251,3802,YJL076W,YKR010C,195,1,0.5753377079963684,3
3220,3715,YJL045W,YKL148C,184,1,0.47787052392959595,2
3165,3585,YIR033W,YKL020C,179,1,0.4274790585041046,2
3149,5381,YIR018W,YOL028C,420,0,0.1706889122724533,0
3112,3894,YIL158W,YKR100C,215,1,0.8834395408630371,0
3110,3891,YIL156W,YKR098C,214,1,0.43701601028442383,3
3105,3889,YIL151C,YKR096W,213,1,0.803202748298645,3
3103,3888,YIL149C,YKR095W,212,1,0.42545631527900696,2
3092,5014,YIL138C,YNL079C,363,1,0.4021565020084381,3
3089,5009,YIL135C,YNL074C,362,1,0.4175260663032532,3
3087,5004,YIL133C,YNL069C,361,1,0.7044609189033508,2
3085,5003,YIL131C,YNL068C,360,1,0.4841671884059906,3
3077,5001,YIL123W,YNL066W,358,1,0.5127186179161072,3
3071,4994,YIL117C,YNL058C,413,1,0.15702471137046814,0
3068,4991,YIL114C,YNL055C,357,1,0.42732149362564087,1
3067,4987,YIL113W,YNL053W,356,1,0.3333654999732971,2
3063,4983,YIL109C,YNL049C,354,1,0.6144218444824219,0
3059,4981,YIL105C,YNL047C,585,1,0.4219411611557007,1
3049,4954,YIL095W,YNL020C,351,0,0.9847698211669922,0
3039,4963,YIL085C,YNL029C,352,1,0.723655641078949,4
2934,3547,YHR203C,YJR145C,175,1,0.7094624042510986,2
2886,5192,YHR155W,YNL257C,383,1,0.9908796548843384,0
2877,5108,YHR146W,YNL173C,376,0,0.33967670798301697,0
2868,5095,YHR139C,YNL160W,375,0,0.31550925970077515,2
2864,5089,YHR135C,YNL154C,372,1,0.5787492990493774,2
2862,5091,YHR133C,YNL156C,373,1,0.42933130264282227,1
2861,5092,YHR132W-A,YNL157W,374,1,0.6531026363372803,1
2859,5079,YHR131C,YNL144C,370,1,0.940290629863739,0
2851,5065,YHR123W,YNL130C,369,1,0.5583513975143433,1
2845,5056,YHR117W,YNL121C,367,1,0.5210455060005188,3
2843,5051,YHR115C,YNL116W,366,1,0.3869958519935608,4
2772,3724,YHR047C,YKL157W,185,1,0.5375251173973083,4
2754,3728,YHR030C,YKL161C,186,1,0.38929110765457153,3
2725,3592,YHR003C,YKL027W,180,1,0.7125471234321594,2
2722,3794,YHR001W,YKR003W,193,1,0.5671637058258057,3
2705,3949,YHL035C,YLL048C,217,1,0.3963058292865753,3
2704,3947,YHL034C,YLL046C,220,0,0.9189951419830322,0
2703,3946,YHL033C,YLL045C,219,1,0.7227228879928589,2
2687,3605,YHL017W,YKL039W,181,1,0.4430343508720398,3
2673,3573,YHL003C,YKL008C,178,1,0.6211435198783875,2
2657,4916,YGR283C,YMR310C,343,1,0.6741905808448792,3
2647,4899,YGR273C,YMR295C,342,1,0.8232209086418152,0
2630,2914,YGR256W,YHR183W,121,1,0.5599398612976074,4
2628,2905,YGR254W,YHR174W,119,1,0.6872307658195496,1
2622,2894,YGR248W,YHR163W,118,1,0.227803573012352,4
2617,2893,YGR243W,YHR162W,117,1,0.3864423632621765,4
2615,2892,YGR241C,YHR161C,116,1,0.43407347798347473,1
2613,2891,YGR239C,YHR160C,115,1,0.5046598315238953,2
2612,2889,YGR238C,YHR158C,114,1,0.9239859580993652,0
2604,2883,YGR230W,YHR152W,113,0,0.35941821336746216,2
2595,2880,YGR221C,YHR149C,112,1,0.4185742437839508,4
2588,4017,YGR214W,YLR048W,227,1,0.7874281406402588,1
2571,3416,YGR197C,YJR015W,162,1,0.6231022477149963,1
2566,3409,YGR192C,YJR009C,161,1,0.6568018794059753,1
2562,3189,YGR188C,YJL013C,147,1,0.8890240788459778,0
2543,3404,YGR169C-A,YJR005C-A,160,1,0.7860564589500427,3
2516,6373,YGR143W,YPR159W,594,0,0.5247864127159119,3
2515,6370,YGR142W,YPR158W,593,1,0.2707274258136749,2
2514,6367,YGR141W,YPR157W,592,0,0.560151994228363,2
2511,6366,YGR138C,YPR156C,591,1,0.7342368960380554,4
2509,6364,YGR136W,YPR154W,590,1,0.4564240276813507,3
2504,6359,YGR131W,YPR149W,588,1,0.48287516832351685,1
2497,6355,YGR124W,YPR145W,587,1,0.713919997215271,3
2480,6330,YGR109C,YPR120C,586,1,0.5203474164009094,2
2479,6329,YGR108W,YPR119W,586,1,0.47728145122528076,2
2468,6325,YGR097W,YPR115W,585,1,0.6757911443710327,1
2463,6321,YGR092W,YPR111W,584,1,0.5869615077972412,3
2456,6312,YGR085C,YPR102C,583,1,0.8466013669967651,4
2442,4348,YGR071C,YLR373C,270,1,0.41076499223709106,4
2441,4346,YGR070W,YLR371W,278,1,0.7690959572792053,1
2427,4332,YGR056W,YLR357W,268,1,0.7878308892250061,0
2420,4331,YGR049W,YLR356W,267,0,0.323202520608902,2
2414,4329,YGR043C,YLR354C,266,1,0.4246015250682831,0
2412,4328,YGR041W,YLR353W,265,1,0.3717522919178009,4
2409,4325,YGR038W,YLR350W,264,0,0.7147182822227478,3
2403,4319,YGR034W,YLR344W,262,1,0.9915568828582764,0
2396,4308,YGR027C,YLR333C,261,1,0.9814755916595459,0
2379,4303,YGR010W,YLR328W,260,1,0.7428038716316223,1
2377,4302,YGR008C,YLR327C,259,1,0.2599029839038849,3
2373,4299,YGR004W,YLR324W,258,1,0.7063410878181458,4
2266,6219,YGL162W,YPR009W,572,1,0.366266131401062,1
2262,4219,YGL158W,YLR248W,253,0,0.4894644320011139,2
2243,6146,YGL139W,YPL221W,554,1,0.5726386904716492,3
2239,6145,YGL135W,YPL220W,553,1,0.7564316987991333,2
2238,6144,YGL134W,YPL219W,552,1,0.5442882180213928,3
2237,6141,YGL133W,YPL216W,551,1,0.40861207246780396,2
2200,6102,YGL096W,YPL177C,545,0,0.35257428884506226,4
2193,6112,YGL089C,YPL187W,546,1,0.9697228670120239,0
2188,6114,YGL084C,YPL189W,547,1,0.7391625046730042,4
2186,6116,YGL082W,YPL191C,548,1,0.6205935478210449,4
2175,6127,YGL071W,YPL202C,549,1,0.35994717478752136,1
2153,2535,YGL049C,YGR162W,95,1,0.8457866311073303,1
2135,2521,YGL031C,YGR148C,93,1,0.801236629486084,3
2100,2358,YFR053C,YGL253W,89,0,0.9312264323234558,0
2087,2334,YFR040W,YGL229C,88,1,0.42223402857780457,2
2086,2333,YFR039C,YGL228W,87,1,0.8821776509284973,0
2077,2971,YFR031C-A,YIL018W,126,1,0.7454549670219421,2
2069,2739,YFR024C-A,YHR016C,99,1,0.5773375630378723,2
2067,2738,YFR023W,YHR015W,98,1,0.5164504647254944,0
2059,4230,YFR015C,YLR258W,254,1,0.2635510563850403,4
2058,5369,YFR014C,YOL016C,416,1,0.4832822382450104,4
2057,5370,YFR013W,YOL017W,417,1,0.5351092219352722,2
2056,5372,YFR012W,YOL019W,418,1,0.47313714027404785,2
2024,4049,YFL048C,YLR080W,231,1,0.2957390248775482,4
2018,4041,YFL042C,YLR072W,230,1,0.43190208077430725,2
2010,4030,YFL034C-A,YLR061W,228,1,0.7083099484443665,3
1977,5943,YFL004W,YPL019C,512,1,0.4956451654434204,2
1909,2301,YER132C,YGL197W,83,1,0.6869101524353027,2
1908,2293,YER131W,YGL189C,82,1,0.9970802664756775,0
1906,2283,YER129W,YGL179C,81,1,0.36221417784690857,4
1855,3028,YER081W,YIL074C,134,1,0.6098727583885193,3
1841,3011,YER067W,YIL057C,133,1,0.31063589453697205,0
1837,3010,YER064C,YIL056W,132,0,0.36544403433799744,4
1835,3007,YER062C,YIL053W,131,1,0.6689370274543762,4
1830,3004,YER059W,YIL050W,129,1,0.8620078563690186,0
1828,3005,YER057C,YIL051C,130,1,0.6908648014068604,1
1824,2998,YER054C,YIL045W,128,1,0.28055405616760254,4
1813,2989,YER045C,YIL036W,127,1,0.29343149065971375,1
1803,2328,YER037W,YGL224C,86,0,0.09699057787656784,0
1797,2314,YER031C,YGL210W,85,1,0.7471718788146973,4
1793,2312,YER027C,YGL208W,84,1,0.6328696012496948,1
1765,2967,YER001W,YIL014W,407,1,0.24509117007255554,1
1745,5525,YEL060C,YOR003W,449,1,0.2339722216129303,4
1731,3452,YEL047C,YJR051W,169,1,0.4914782643318176,4
1725,3450,YEL041W,YJR049C,168,1,0.7744395732879639,0
1723,3449,YEL039C,YJR048W,167,1,0.5668621063232422,2
1718,3448,YEL034W,YJR047C,166,1,0.6585259437561035,2
1714,3446,YEL030W,YJR045C,165,1,0.6780175566673279,1
1706,3432,YEL022W,YJR031C,164,1,0.5716308355331421,2
1689,2908,YEL007W,YHR177W,120,1,0.9684960246086121,0
1688,2958,YEL006W,YIL006W,125,1,0.9030019044876099,0
1641,4148,YDR505C,YLR177W,242,1,0.4366392195224762,1
1638,4151,YDR502C,YLR180W,244,1,0.7623070478439331,1
1637,4154,YDR501W,YLR183C,245,1,0.4399065673351288,4
1633,5457,YDR497C,YOL103W,436,1,0.7338783144950867,1
1626,5454,YDR490C,YOL100W,435,1,0.45723265409469604,0
1616,5973,YDR480W,YPL049C,517,1,0.5381602048873901,2
1611,5542,YDR475C,YOR019W,452,1,0.6104207038879395,0
1599,2729,YDR463W,YHR006W,97,1,0.5367146134376526,4
1594,4482,YDR458C,YML034W,290,1,0.792845606803894,1
1589,4475,YDR453C,YML028W,289,1,0.4924139380455017,3
1587,4474,YDR451C,YML027W,288,1,0.35155993700027466,3
1586,4473,YDR450W,YML026C,287,1,0.7910044193267822,3
1583,4471,YDR447C,YML024W,286,1,0.7375660538673401,2
1577,4469,YDR441C,YML022W,285,0,0.954538881778717,0
1574,4465,YDR438W,YML018C,284,1,0.5018715262413025,4
1572,4463,YDR436W,YML016C,283,1,0.8064229488372803,0
1559,4452,YDR423C,YML007W,281,1,0.4918738901615143,1
1554,1738,YDR418W,YEL054C,45,1,0.7883358597755432,3
1545,5680,YDR409W,YOR156C,478,1,0.6303150653839111,4
1525,5658,YDR389W,YOR134W,477,0,0.32408007979393005,0
1521,5657,YDR385W,YOR133W,476,1,0.7049041986465454,2
1515,5651,YDR379W,YOR127W,475,0,0.5503125190734863,4
1493,2836,YDR358W,YHR108W,111,0,0.5726571679115295,3
1488,2834,YDR353W,YHR106W,110,1,0.9424972534179688,0
1486,2831,YDR351W,YHR103W,109,1,0.6403905749320984,4
1476,2819,YDR341C,YHR091C,108,1,0.46710145473480225,1
1461,2808,YDR326C,YHR080C,107,1,0.488462895154953,1
1444,2792,YDR312W,YHR066W,106,1,0.8267346620559692,3
1441,2787,YDR309C,YHR061C,105,1,0.3050886392593384,3
1436,2783,YDR304C,YHR057C,104,1,0.7628547549247742,1
1435,2782,YDR303C,YHR056C,103,1,0.7171406745910645,1
1432,2757,YDR300C,YHR033W,100,0,0.5679890513420105,3
1409,5571,YDR277C,YOR047C,459,1,0.5886522531509399,4
1405,5566,YDR273W,YOR042W,458,1,0.4461978077888489,2
1404,5564,YDR272W,YOR040W,457,1,0.6323960423469543,1
1395,5558,YDR264C,YOR034C,456,1,0.5625033974647522,1
1394,5557,YDR263C,YOR033C,455,1,0.6547675132751465,3
1390,5552,YDR259C,YOR028C,454,1,0.4271257221698761,1
1384,5962,YDR253C,YPL038W,516,0,0.8371967077255249,0
1383,5961,YDR252W,YPL037C,515,1,0.6910977959632874,4
1382,5956,YDR251W,YPL032C,514,1,0.345272034406662,1
1378,5950,YDR247W,YPL026C,513,1,0.5754328966140747,4
1353,4196,YDR222W,YLR225C,250,1,0.37190350890159607,0
1335,4204,YDR206W,YLR233C,251,1,0.7428829073905945,4
1329,4209,YDR200C,YLR238W,252,1,0.5206778645515442,2
1314,4139,YDR185C,YLR168C,246,1,0.6204935312271118,1
1306,4135,YDR178W,YLR164W,495,1,0.343252032995224,3
1279,4105,YDR151C,YLR136C,240,1,0.7158275246620178,0
1274,4100,YDR146C,YLR131C,238,1,0.40038397908210754,1
1260,4077,YDR132C,YLR108C,236,1,0.3933655619621277,2
1253,4068,YDR125C,YLR099C,235,1,0.4694269001483917,4
1250,4065,YDR122W,YLR096W,234,1,0.5058054327964783,2
1239,4058,YDR111C,YLR089C,233,1,0.4719669222831726,3
1235,4052,YDR107C,YLR083C,232,1,0.7964882850646973,4
1227,1957,YDR099W,YER177W,65,1,0.6527025699615479,4
1224,1954,YDR098C,YER174C,64,1,0.6818554401397705,3
1222,1949,YDR096W,YER169W,516,1,0.3941403031349182,0
1219,1946,YDR093W,YER166W,63,1,0.9422315359115601,0
1211,1937,YDR085C,YER158C,61,0,0.13238821923732758,4
1203,1929,YDR077W,YER150W,60,1,0.20821332931518555,2
1195,1923,YDR069C,YER144C,59,1,0.6686792373657227,2
1192,1918,YDR066C,YER139C,58,1,0.5222006440162659,4
1115,5160,YDL239C,YNL225C,381,1,0.5097918510437012,2
1105,5144,YDL229W,YNL209W,380,1,0.8879311680793762,4
1100,5132,YDL224C,YNL197C,379,1,0.4205006957054138,0
1098,5129,YDL222C,YNL194C,378,1,0.18604423105716705,4
1087,5111,YDL211C,YNL176C,377,1,0.509307324886322,2
1030,4181,YDL155W,YLR210W,248,1,0.4416697025299072,1
1012,1068,YDL137W,YDL192W,21,1,0.567089855670929,2
1009,1064,YDL134C,YDL188C,20,1,0.6200545430183411,4
1005,1058,YDL131W,YDL182W,19,1,0.7959102392196655,3
1004,1057,YDL130W-A,YDL181W,18,1,0.31273677945137024,1
1000,1055,YDL127W,YDL179W,17,1,0.4152320623397827,1
982,2248,YDL109C,YGL144C,80,1,0.94135582447052,0
961,4750,YDL088C,YMR153W,328,1,0.7022385001182556,3
958,4741,YDL085W,YMR145C,326,1,0.6698259115219116,0
952,4735,YDL079C,YMR139W,325,1,0.8859741687774658,0
948,4381,YDL075W,YLR406C,276,1,0.9828901886940002,0
934,4363,YDL061C,YLR388W,274,1,0.7603317499160767,3
921,4350,YDL048C,YLR375W,271,1,0.959219217300415,0
914,5422,YDL042C,YOL068C,428,1,0.9476019144058228,0
908,5420,YDL036C,YOL066C,427,1,0.5469897985458374,4
894,5413,YDL022W,YOL059W,426,1,0.44378870725631714,2
893,5410,YDL021W,YOL056W,425,1,0.5332642197608948,1
858,5324,YCR094W,YNR048W,405,1,0.5558438897132874,2
855,5323,YCR091W,YNR047W,404,1,0.5479500889778137,2
853,5320,YCR089W,YNR044W,403,1,0.2645079791545868,3
840,5310,YCR075W-A,YNR034W-A,402,1,0.7073408365249634,1
838,5309,YCR073W-A,YNR034W,401,1,0.6536634564399719,4
837,5305,YCR073C,YNR031C,399,0,0.6636457443237305,1
832,5300,YCR067C,YNR026C,397,1,0.48647287487983704,2
820,5297,YCR052W,YNR023W,396,1,0.7483678460121155,3
816,5293,YCR048W,YNR019W,395,1,0.637470006942749,4
805,3373,YCR037C,YJL198W,392,1,0.6760808229446411,2
802,3371,YCR034W,YJL196C,269,1,0.6659784913063049,1
799,3366,YCR031C,YJL191W,156,1,0.9942470788955688,0
795,1698,YCR026C,YEL016C,44,1,0.46756625175476074,1
746,1665,YCL051W,YDR528W,42,1,0.5749584436416626,3
745,1667,YCL050C,YDR530C,43,0,0.5313289165496826,1
743,1658,YCL048W,YDR522C,41,1,0.5502245426177979,0
738,1654,YCL043C,YDR518W,40,1,0.5361315011978149,2
735,1652,YCL040W,YDR516C,39,0,0.4911903738975525,2
732,1651,YCL037C,YDR515W,38,1,0.5994225144386292,2
731,1650,YCL036W,YDR514C,37,1,0.6330286264419556,4
730,1649,YCL035C,YDR513W,36,1,0.6278553605079651,0
718,1643,YCL024W,YDR507C,35,1,0.4908764958381653,3
708,4938,YCL011C,YNL004W,347,1,0.4903758764266968,3
699,4935,YCL001W-B,YNL001W,345,1,0.5470333099365234,1
678,3245,YBR284W,YJL070C,151,1,0.4192579984664917,4
672,3240,YBR278W,YJL065C,150,1,0.6617589592933655,2
667,3223,YBR273C,YJL048C,148,1,0.600580632686615,0
664,3233,YBR270C,YJL058C,149,1,0.6202820539474487,1
636,2205,YBR242W,YGL101W,76,1,0.719436526298523,3
635,2208,YBR241C,YGL104C,77,0,0.33928629755973816,3
632,2211,YBR238C,YGL107C,78,1,0.46969905495643616,3
612,2166,YBR218C,YGL062W,74,1,0.5469540953636169,4
610,2164,YBR216C,YGL060W,73,1,0.449679434299469,1
608,2160,YBR214W,YGL056C,72,0,0.46661102771759033,3
604,2158,YBR210W,YGL054C,71,1,0.7074828743934631,1
591,6002,YBR197C,YPL077C,520,1,0.7614693641662598,1
585,6004,YBR191W,YPL079W,521,1,0.9895899891853333,0
583,6006,YBR189W,YPL081W,522,1,0.7968720197677612,3
577,6012,YBR183W,YPL087W,523,0,0.399906724691391,0
576,6014,YBR182C,YPL089C,524,0,0.5702218413352966,4
575,6015,YBR181C,YPL090C,525,1,0.9802903532981873,0
571,6020,YBR177C,YPL095C,526,1,0.6023184061050415,1
566,6030,YBR172C,YPL105C,527,1,0.6569624543190002,2
563,6031,YBR169C,YPL106C,528,1,0.4214813709259033,2
554,5981,YBR161W,YPL057C,518,1,0.5012539625167847,0
543,5443,YBR150C,YOL089C,432,1,0.6127189993858337,1
541,5445,YBR148W,YOL091W,433,1,0.36984413862228394,1
540,5446,YBR147W,YOL092W,434,1,0.40993884205818176,4
533,5435,YBR140C,YOL081W,429,1,0.5760989785194397,2
511,6290,YBR118W,YPR080W,581,1,0.785533607006073,1
510,6284,YBR117C,YPR074C,580,0,0.6198343634605408,1
481,6262,YBR089C-A,YPR052C,577,1,0.4588206112384796,3
472,1185,YBR082C,YDR059C,31,1,0.6664243340492249,0
468,1181,YBR078W,YDR055W,30,1,0.3769376873970032,3
439,1150,YBR049C,YDR026C,28,1,0.8996057510375977,0
438,1149,YBR048W,YDR025W,27,1,0.8708859086036682,4
432,1142,YBR042C,YDR018C,26,1,0.563197910785675,2
421,1136,YBR031W,YDR012W,25,1,0.9376726746559143,0
414,427,YBR024W,YBR037C,5,1,0.48325154185295105,1
410,1133,YBR020W,YDR009W,24,1,0.9860405921936035,0
406,884,YBR016W,YDL012C,15,1,0.4368864595890045,2
393,1127,YBR005W,YDR003W,23,0,0.43356630206108093,4
389,1125,YBR001C,YDR001C,22,1,0.6358568668365479,1
381,6242,YBL106C,YPR032W,574,1,0.6425904035568237,3
374,6240,YBL101C,YPR030W,573,1,0.5609639883041382,3
362,1895,YBL089W,YER119C,135,1,0.47994279861450195,4
360,1893,YBL087C,YER117W,57,1,0.7872910499572754,3
358,1890,YBL085W,YER114C,56,1,0.9621002674102783,0
352,1882,YBL079W,YER105C,55,1,0.48755159974098206,4
348,1880,YBL075C,YER103W,54,1,0.4354557394981384,1
345,1879,YBL072C,YER102W,53,1,0.7377559542655945,2
342,1878,YBL069W,YER101C,327,0,0.6496361494064331,1
341,1876,YBL068W,YER099C,52,1,0.722773015499115,3
340,1875,YBL067C,YER098W,51,1,0.6108378171920776,3
334,1873,YBL061C,YER096W,50,0,0.3716266453266144,2
332,1870,YBL059W,YER093C-A,49,1,0.46820610761642456,3
328,1864,YBL056W,YER089C,48,1,0.9338672161102295,0
326,1863,YBL054W,YER088C,47,1,0.6637963652610779,1
315,3516,YBL043W,YJR115W,172,1,0.3258735239505768,1
311,3504,YBL039C,YJR103W,170,0,0.7297758460044861,1
302,477,YBL030C,YBR085W,6,0,0.8872247338294983,0
281,2125,YBL009W,YGL021W,70,1,0.663366436958313,4
275,2117,YBL005W,YGL013C,69,0,0.5700780749320984,0
255,891,YAR042W,YDL019C,16,1,0.6105917692184448,1
235,2106,YAR002C-A,YGL002W,68,1,0.8857345581054688,0
220,5903,YAL062W,YOR375C,509,1,0.5490100383758545,1
214,5899,YAL056W,YOR371C,508,1,0.7477965354919434,4
197,5875,YAL038W,YOR347C,507,1,0.5504250526428223,2
196,5868,YAL037W,YOR342C,506,1,0.4411403238773346,3
191,5864,YAL034C,YOR338W,505,1,0.34919217228889465,4
187,5853,YAL030W,YOR327C,504,1,0.6534317135810852,3
186,5852,YAL029C,YOR326W,503,1,0.4842063784599304,4
185,5850,YAL028W,YOR324C,502,1,0.36618679761886597,3
180,5847,YAL023C,YOR321W,500,1,0.6568064093589783,1
174,5398,YAL017W,YOL045W,423,1,0.5498527884483337,2
172,5396,YAL015C,YOL043C,422,1,0.6002989411354065,4
164,5539,YAL007C,YOR016C,451,1,0.7508243918418884,1
6084,6361,YPL159C,YPR151C,589,1,0.26768723130226135,1
5860,5985,YOR334W,YPL060W,519,1,0.5552213191986084,3
5578,5598,YOR054C,YOR074C,464,0,0.25280025601387024,4
5431,5544,YOL077W-A,YOR020W-A,453,1,0.9680372476577759,0
5333,5334,YNR057C,YNR058W,406,1,0.540378987789154,1
5166,5199,YNL231C,YNL264C,384,1,0.6573743224143982,3
4992,5034,YNL056W,YNL099C,364,1,0.47957560420036316,3
4771,5472,YMR172W,YOL116W,440,1,0.30360350012779236,1
4679,5597,YMR086W,YOR073W,463,1,0.4198789894580841,0
4675,5440,YMR083W,YOL086C,431,1,0.6199453473091125,3
4663,6262,YMR072W,YPR052C,577,1,0.3697642683982849,3
4654,5372,YMR063W,YOL019W,418,1,0.45910632610321045,2
4645,5794,YMR054W,YOR270C,491,1,0.45958176255226135,2
4571,4867,YML117W,YMR265C,335,1,0.446518212556839,4
4532,5962,YML081W,YPL038W,516,1,0.8996290564537048,0
4430,5631,YLR452C,YOR107W,472,0,0.40845417976379395,3
4346,4402,YLR371W,YLR425W,278,1,0.7613964676856995,1
4323,4937,YLR348C,YNL003C,346,1,0.21642978489398956,0
4139,4164,YLR168C,YLR193C,246,1,0.40634235739707947,1
4135,5821,YLR164W,YOR297C,495,1,0.41804033517837524,3
4013,4103,YLR044C,YLR134W,239,1,0.5503726601600647,2
3959,4533,YLL058W,YML082W,299,1,0.5619638562202454,2
3939,4177,YLL038C,YLR206W,247,1,0.5324150919914246,4
3929,5797,YLL028W,YOR273C,492,0,0.517505407333374,1
3865,5598,YKR072C,YOR074C,464,1,0.5558967590332031,4
3832,3962,YKR039W,YLL061W,566,1,0.3442048132419586,3
3832,6200,YKR039W,YPL274W,566,0,0.4525693356990814,3
3803,6294,YKR011C,YPR084W,582,1,0.3812342584133148,2
3777,5308,YKL211C,YNR033W,400,1,0.35004064440727234,2
3776,3869,YKL210W,YKR076W,332,0,0.32728224992752075,3
3776,4852,YKL210W,YMR251W,332,0,0.23750294744968414,3
3733,6128,YKL166C,YPL203W,550,1,0.7276199460029602,4
3713,5036,YKL146W,YNL101W,365,0,0.4696500301361084,2
3672,5597,YKL105C,YOR073W,463,1,0.9411885142326355,0
3654,3865,YKL088W,YKR072C,464,1,0.7520971298217773,4
3654,5578,YKL088W,YOR054C,464,1,0.44634756445884705,4
3654,5598,YKL088W,YOR074C,464,1,0.529047429561615,4
3597,6262,YKL032C,YPR052C,577,1,0.6212868690490723,3
3531,3959,YJR130C,YLL058W,299,1,0.49194955825805664,2
3528,5962,YJR127C,YPL038W,516,1,0.9396107792854309,0
3373,5287,YJL198W,YNR013C,392,1,0.5856061577796936,2
3371,4347,YJL196C,YLR372W,269,1,0.6973865032196045,1
3347,5509,YJL172W,YOL153C,444,1,0.3557871878147125,4
3339,6128,YJL164C,YPL203W,550,1,0.4064114987850189,4
3330,4320,YJL155C,YLR345W,263,1,0.5793511867523193,1
3256,6244,YJL081C,YPR034W,575,1,0.6734710931777954,2
3253,3254,YJL078C,YJL079C,196,1,0.2714056372642517,4
3253,3805,YJL078C,YKR013W,196,1,0.34908145666122437,4
3123,5511,YIL169C,YOL155C,445,1,0.5173920392990112,4
3000,5717,YIL046W-A,YOR193W,530,1,0.9724913239479065,0
3000,6037,YIL046W-A,YPL112C,530,1,0.9704051613807678,0
2969,4090,YIL015W,YLR121C,237,0,0.2590414881706238,3
2967,5335,YIL014W,YNR059W,407,1,0.4646369218826294,1
2946,5511,YHR214W,YOL155C,445,1,0.3296903073787689,4
2938,6090,YHR207C,YPL165C,543,1,0.26841744780540466,3
2778,3853,YHR052W,YKR060W,210,1,0.7850443124771118,4
2755,4511,YHR031C,YML061C,295,0,0.42819857597351074,0
2752,5743,YHR028C,YOR219C,489,1,0.46735498309135437,3
2732,4457,YHR009C,YML011C,282,1,0.5711345672607422,3
2689,6185,YHL019C,YPL259C,564,1,0.6806997656822205,1
2666,3396,YGR292W,YJL221C,157,1,0.6560853123664856,3
2661,3396,YGR287C,YJL221C,157,1,0.6458829045295715,3
2654,4871,YGR280C,YMR269W,336,1,0.6984109282493591,2
2607,6035,YGR233C,YPL110C,529,0,0.4134153425693512,4
2606,2607,YGR232W,YGR233C,529,1,0.23585273325443268,4
2606,6035,YGR232W,YPL110C,529,1,0.36830824613571167,4
2565,3962,YGR191W,YLL061W,566,0,0.5011236667633057,3
2565,6200,YGR191W,YPL274W,566,0,0.622139573097229,3
2563,4184,YGR189C,YLR213C,249,1,0.3245830237865448,2
2551,5905,YGR177C,YOR377W,510,1,0.8024080395698547,3
2527,3776,YGR154C,YKL210W,332,0,0.3468135893344879,3
2458,4013,YGR087C,YLR044C,239,1,0.5573887228965759,2
2441,4402,YGR070W,YLR425W,278,1,0.7496570348739624,1
2364,4090,YGL258W-A,YLR121C,237,1,0.4702579975128174,3
2362,2967,YGL257C,YIL014W,407,1,0.2852051854133606,1
2354,4351,YGL249W,YLR376C,272,1,0.6751059889793396,1
2331,3065,YGL226W,YIL111W,355,1,0.27112942934036255,1
2331,4986,YGL226W,YNL052W,355,1,0.28505757451057434,1
2320,3645,YGL216W,YKL079W,182,1,0.5360056757926941,2
2313,3528,YGL209W,YJR127C,516,1,0.44324731826782227,0
2313,4532,YGL209W,YML081W,516,1,0.2753453850746155,0
2289,6038,YGL185C,YPL113C,531,1,0.5520310997962952,4
2251,5002,YGL147C,YNL067W,359,1,0.8439047932624817,1
2148,2529,YGL044C,YGR156W,94,1,0.7550145983695984,4
2093,4001,YFR046C,YLR033W,226,1,0.4906758964061737,4
2056,4654,YFR012W,YMR063W,418,1,0.4067145884037018,2
2005,2423,YFL029C,YGR052W,91,1,0.5419421195983887,2
1949,2313,YER169W,YGL209W,516,1,0.3464212715625763,0
1949,3528,YER169W,YJR127C,516,1,0.42361271381378174,0
1949,4532,YER169W,YML081W,516,1,0.2660171389579773,0
1949,5962,YER169W,YPL038W,516,1,0.9268475770950317,0
1895,3042,YER119C,YIL088C,135,1,0.30309250950813293,4
1872,1959,YER095W,YER179W,66,1,0.38899821043014526,2
1816,3135,YER048C,YIR004W,141,1,0.5803902745246887,0
1782,4682,YER017C,YMR089C,315,1,0.4435137212276459,4
1765,2362,YER001W,YGL257C,407,1,0.2583853602409363,1
1765,5335,YER001W,YNR059W,407,0,0.43193763494491577,1
1720,4569,YEL036C,YML115C,300,1,0.3335472643375397,0
1713,5301,YEL029C,YNR027W,398,1,0.6894690990447998,2
1644,5373,YDR508C,YOL020W,419,1,0.4489973783493042,3
1534,2927,YDR398W,YHR196W,122,1,0.5605968236923218,0
1516,2458,YDR380W,YGR087C,239,0,0.46062329411506653,2
1516,4013,YDR380W,YLR044C,239,1,0.39014944434165955,2
1516,4103,YDR380W,YLR134W,239,1,0.4511432349681854,2
1491,4283,YDR356W,YLR309C,256,1,0.7036309242248535,0
1485,4431,YDR350C,YLR453C,279,1,0.7782673239707947,0
1455,4124,YDR321W,YLR155C,241,1,0.6029649972915649,2
1455,4126,YDR321W,YLR157C,241,1,0.6101607084274292,2
1453,2230,YDR319C,YGL126W,79,1,0.5082881450653076,2
1446,1942,YDR314C,YER162C,62,1,0.3225484788417816,1
1417,1491,YDR285W,YDR356W,256,1,0.6392113566398621,0
1417,4283,YDR285W,YLR309C,256,1,0.2628527581691742,0
1408,3326,YDR276C,YJL151C,152,0,0.3447301387786865,1
1384,1949,YDR253C,YER169W,516,1,0.17577630281448364,0
1384,3528,YDR253C,YJR127C,516,1,0.23113849759101868,0
1384,4532,YDR253C,YML081W,516,1,0.12873907387256622,0
1314,4164,YDR185C,YLR193C,246,1,0.6569185256958008,1
1309,4374,YDR180W,YLR399C,275,0,0.34294578433036804,3
1306,5821,YDR178W,YOR297C,495,1,0.3723597824573517,3
1272,4090,YDR144C,YLR121C,237,0,0.3752281069755554,3
1263,2705,YDR135C,YHL035C,217,0,0.3822791278362274,3
1263,3897,YDR135C,YKR103W,217,1,0.3953370153903961,3
1263,3898,YDR135C,YKR104W,217,0,0.6096631288528442,3
1263,3915,YDR135C,YLL015W,217,1,0.426471084356308,3
1263,3949,YDR135C,YLL048C,217,1,0.4796190857887268,3
1237,5184,YDR109C,YNL249C,382,1,0.8417383432388306,0
1222,1384,YDR096W,YDR253C,516,0,0.21384407579898834,0
1222,2313,YDR096W,YGL209W,516,1,0.3823174238204956,0
1222,3528,YDR096W,YJR127C,516,1,0.49400070309638977,0
1222,4532,YDR096W,YML081W,516,1,0.32538193464279175,0
1222,5962,YDR096W,YPL038W,516,1,0.9263413548469543,0
1172,5373,YDR046C,YOL020W,419,1,0.47909167408943176,3
1167,1400,YDR041W,YDR268W,33,1,0.28990432620048523,3
1082,3507,YDL206W,YJR106W,171,1,0.4884180426597595,2
1037,3939,YDL161W,YLL038C,247,1,0.5560107231140137,4
1036,4808,YDL160C-A,YMR206W,393,1,0.40210574865341187,1
1036,5288,YDL160C-A,YNR014W,393,1,0.47895875573158264,1
1029,1976,YDL154W,YFL003C,67,1,0.9138019680976868,0
953,1516,YDL080C,YDR380W,239,1,0.4196145236492157,2
953,4013,YDL080C,YLR044C,239,1,0.508092999458313,2
943,1309,YDL070W,YDR180W,275,0,0.37932491302490234,3
927,4752,YDL054C,YMR155W,329,0,0.39309418201446533,3
922,3349,YDL049C,YJL174W,154,1,0.48766589164733887,1
890,5539,YDL018C,YOR016C,451,1,0.6147111058235168,1
882,6081,YDL010W,YPL156C,542,0,0.2239178866147995,1
805,5287,YCR037C,YNR013C,392,1,0.49518102407455444,2
802,4347,YCR034W,YLR372W,269,1,0.8352367281913757,1
787,2184,YCR020C-A,YGL080W,75,1,0.3587872087955475,4
719,2565,YCL025C,YGR191W,566,0,0.4000028967857361,3
719,3832,YCL025C,YKR039W,566,1,0.26699575781822205,3
719,3962,YCL025C,YLL061W,566,1,0.43188607692718506,3
719,6200,YCL025C,YPL274W,566,1,0.5425904989242554,3
693,3396,YBR299W,YJL221C,157,1,0.6474595069885254,3
668,3362,YBR274W,YJL187C,155,1,0.5107257962226868,2
661,4362,YBR267W,YLR387C,273,1,0.6579285264015198,4
638,3169,YBR244W,YIR037W,145,1,0.609009325504303,4
633,6058,YBR239C,YPL133C,533,1,0.5003786683082581,3
538,4675,YBR145W,YMR083W,431,0,0.5975663661956787,3
481,3597,YBR089C-A,YKL032C,577,1,0.6028873920440674,3
481,4663,YBR089C-A,YMR072W,577,1,0.3486310541629791,3
459,5373,YBR069C,YOL020W,419,1,0.48228663206100464,3
458,459,YBR068C,YBR069C,419,1,0.468468576669693,3
458,1644,YBR068C,YDR508C,419,1,0.43761780858039856,3
362,3042,YBL089W,YIL088C,135,1,0.40254417061805725,4
324,5768,YBL052C,YOR244W,490,1,0.7502588033676147,4
301,610,YBL029W,YBR216C,73,1,0.2150389850139618,1
301,2164,YBL029W,YGL060W,73,1,0.3549048900604248,1
219,1122,YAL061W,YDL246C,229,1,0.30181044340133667,4
219,3561,YAL061W,YJR159W,229,1,0.260849267244339,4
219,4039,YAL061W,YLR070C,229,1,0.3412988483905792,4
218,1122,YAL060W,YDL246C,229,1,0.25742852687835693,4
218,3561,YAL060W,YJR159W,229,1,0.2220258265733719,4
218,4039,YAL060W,YLR070C,229,1,0.29407817125320435,4
175,5400,YAL018C,YOL047C,424,1,0.3139094114303589,4
164,890,YAL007C,YDL018C,451,0,0.4606586694717407,1
100,102,Q0065,Q0120,1,1,0.7261298894882202,4
3993,4669,YLR025W,YMR077C,311,1,0.45779064297676086,4
3553,4933,YJR151C,YMR325W,344,1,0.9862298965454102,0
3552,4933,YJR150C,YMR325W,344,0,0.5739881992340088,0
3334,3335,YJL159W,YJL160C,153,1,0.6425835490226746,0
3333,3335,YJL158C,YJL160C,153,0,0.749324381351471,0
2558,3992,YGR184C,YLR024C,225,1,0.3246851861476898,1
1925,5683,YER146W,YOR159C,479,1,0.6553019285202026,1
1878,4748,YER101C,YMR152W,327,1,0.34913402795791626,1
1619,5623,YDR483W,YOR099W,470,1,0.46556708216667175,3
1535,3534,YDR399W,YJR133W,174,1,0.7498825192451477,1
825,2496,YCR060W,YGR123C,92,1,0.6836591958999634,2
595,1547,YBR201W,YDR411C,34,1,0.28870540857315063,3
593,599,YBR199W,YBR205W,8,1,0.4783574342727661,2
458,5373,YBR068C,YOL020W,419,1,0.4907688498497009,3
342,4748,YBL069W,YMR152W,327,0,0.5714305639266968,1
210,871,YAL051W,YCR106W,14,1,0.624686598777771,3
178,5395,YAL021C,YOL042W,421,1,0.5158573389053345,2
6329,6330,YPR119W,YPR120C,586,0,0.49271875619888306,2
5916,6202,YOR388C,YPL276W,567,1,0.3935087323188782,1
5686,5696,YOR162C,YOR172W,482,1,0.9204255938529968,0
4994,5360,YNL058C,YOL007C,413,1,0.20435206592082977,0
4981,6325,YNL047C,YPR115W,585,1,0.48787304759025574,1
4575,4741,YML120C,YMR145C,326,1,0.2183903157711029,0
4124,4126,YLR155C,YLR157C,241,1,0.5119820833206177,2
3915,3949,YLL015W,YLL048C,217,1,0.4436205327510834,3
3898,3915,YKR104W,YLL015W,217,1,0.5776950120925903,3
3897,3915,YKR103W,YLL015W,217,1,0.3612470030784607,3
3806,5028,YKR014C,YNL093W,468,1,0.6158977150917053,3
3806,5613,YKR014C,YOR089C,468,1,0.7481788992881775,3
3796,3795,YKR004C-A,YKR004C,194,1,0.3766588866710663,4
3788,5686,YKL222C,YOR162C,482,1,0.5959848761558533,0
3788,5696,YKL222C,YOR172W,482,1,0.9389694929122925,0
3787,5060,YKL221W,YNL125C,368,0,0.4407122731208801,4
3397,5341,YJL222W,YNR065C,409,1,0.9221609830856323,0
3071,5360,YIL117C,YOL007C,413,0,0.13857272267341614,0
3059,6325,YIL105C,YPR115W,585,1,0.518660843372345,1
2991,6282,YIL038C,YPR072W,579,1,0.5644915699958801,0
2820,3124,YHR092C,YIL170W,139,1,0.47164881229400635,3
2705,3915,YHL035C,YLL015W,217,1,0.3484019637107849,3
2662,6410,YGR288W,YPR196W,598,1,0.8154585361480713,0
2527,3869,YGR154C,YKR076W,332,0,0.4080076515674591,3
2527,4852,YGR154C,YMR251W,332,0,0.3129098415374756,3
2480,6329,YGR109C,YPR119W,586,0,0.49748051166534424,2
2479,2480,YGR108W,YGR109C,586,1,0.5051620006561279,2
2479,6330,YGR108W,YPR120C,586,1,0.5001379251480103,2
2468,3059,YGR097W,YIL105C,585,1,0.6221703886985779,1
2468,4981,YGR097W,YNL047C,585,1,0.5958552956581116,1
2458,4103,YGR087C,YLR134W,239,1,0.6103723049163818,2
2261,5507,YGL157W,YOL151W,443,1,0.4911927282810211,3
2185,5848,YGL081W,YOR322C,501,1,0.6310039162635803,3
2037,5270,YFL061W,YNL335W,390,1,0.7079464793205261,2
1985,4599,YFL011W,YMR011W,303,1,0.5949910283088684,3
1907,4782,YER130C,YMR182C,331,1,0.2640272080898285,3
1849,5732,YER075C,YOR208W,488,1,0.4586498737335205,1
1832,1831,YER060W-A,YER060W,46,1,0.8214792609214783,4
1826,1832,YER056C,YER060W-A,46,1,0.8322660326957703,4
1678,2261,YDR541C,YGL157W,443,1,0.48798543214797974,3
1678,5507,YDR541C,YOL151W,443,1,0.48765408992767334,3
1531,3533,YDR395W,YJR132W,173,1,0.5790430903434753,1
1480,3124,YDR345C,YIL170W,139,1,0.42071688175201416,3
1478,3124,YDR343C,YIL170W,139,1,0.3241468369960785,3
1392,4274,YDR261C,YLR300W,487,1,0.413473904132843,4
1392,5714,YDR261C,YOR190W,487,0,0.5677664875984192,4
1094,5337,YDL218W,YNR061C,408,1,0.5767847299575806,3
958,4575,YDL085W,YML120C,326,1,0.3967226445674896,0
953,2458,YDL080C,YGR087C,239,1,0.575790286064148,2
953,4103,YDL080C,YLR134W,239,1,0.5659565329551697,2
770,6210,YCR005C,YPR001W,571,1,0.10950051248073578,0
756,3121,YCL064C,YIL167W,138,1,0.6883937120437622,3
756,3122,YCL064C,YIL168W,138,1,0.44556549191474915,3
691,2662,YBR297W,YGR288W,598,0,0.8089954257011414,0
444,789,YBR054W,YCR021C,11,1,0.26052889227867126,1
314,411,YBL042C,YBR021W,143,0,0.9375317096710205,0
314,3160,YBL042C,YIR028W,143,0,0.44614046812057495,0
289,3397,YBL017C,YJL222W,409,1,0.6938186883926392,0
272,1355,YBL002W,YDR224C,32,1,0.7122640609741211,1
103,5918,Q0275,YOR390W,569,1,0.770574688911438,4
103,6205,Q0275,YPL279C,569,1,0.7686671018600464,4
5532,5533,YOR009W,YOR010C,450,1,0.6745042204856873,2
5436,5437,YOL082W,YOL083W,430,1,0.13755521178245544,4
5400,5401,YOL047C,YOL048C,424,1,0.31090685725212097,4
4929,6199,YMR321C,YPL273W,565,1,0.6650456786155701,3
4689,5268,YMR096W,YNL333W,388,1,0.25615164637565613,0
4688,5269,YMR095C,YNL334C,389,1,0.5348261594772339,1
4631,4632,YMR042W,YMR043W,308,1,0.5526542663574219,3
4587,5271,YML132W,YNL336W,391,1,0.5782974362373352,3
3963,4929,YLL062C,YMR321C,565,1,0.602745532989502,3
3807,5368,YKR015C,YOL015W,415,1,0.6535512804985046,1
3561,4039,YJR159W,YLR070C,229,1,0.42658737301826477,4
3557,5266,YJR155W,YNL331C,387,1,0.8950915336608887,0
3167,3168,YIR035C,YIR036C,144,1,0.47365275025367737,0
3131,3399,YIL177C,YJL225C,158,1,0.20513217151165009,0
2705,3897,YHL035C,YKR103W,217,1,0.3205733299255371,3
2705,3898,YHL035C,YKR104W,217,1,0.5331470966339111,3
2669,4587,YGR295C,YML132W,391,1,0.638961136341095,3
2157,3176,YGL053W,YIR044C,146,1,0.2675071358680725,0
2042,3967,YFL066C,YLL066C,222,0,0.44551947712898254,2
2036,4688,YFL060C,YMR095C,389,1,0.5159924030303955,1
2035,4689,YFL059W,YMR096W,388,1,0.6267271041870117,0
2032,5266,YFL056C,YNL331C,387,1,0.8383226990699768,0
1970,3131,YER189W,YIL177C,158,1,0.40227437019348145,0
1970,3399,YER189W,YJL225C,158,1,0.23167043924331665,0
1968,2368,YER187W,YGL262W,90,1,0.6503530740737915,0
1967,2368,YER186W-A,YGL262W,90,1,0.9811646938323975,0
1764,1970,YEL077C,YER189W,158,1,0.1379041224718094,0
1764,3131,YEL077C,YIL177C,158,1,0.11550922691822052,0
1751,6407,YEL066W,YPR193C,597,0,0.5626335740089417,2
1122,4039,YDL246C,YLR070C,229,1,0.4819127023220062,4
1119,5266,YDL243C,YNL331C,387,1,0.9491854906082153,0
909,3150,YDL037C,YIR019C,142,1,0.36051231622695923,4
872,1119,YCR107W,YDL243C,387,1,0.9788841009140015,0
872,2032,YCR107W,YFL056C,387,1,0.9355534315109253,0
872,3557,YCR107W,YJR155W,387,1,0.9596915245056152,0
872,5266,YCR107W,YNL331C,387,1,0.9453891515731812,0
759,807,YCL067C,YCR039C,12,1,0.9683519005775452,0
696,2157,YBR302C,YGL053W,146,0,0.277679979801178,0
387,2042,YBL112C,YFL066C,222,1,0.4169074296951294,2
387,3967,YBL112C,YLL066C,222,0,0.39663439989089966,2
264,3403,YAR066W,YJR004C,159,1,0.33453691005706787,1
4594,4596,YMR006C,YMR008C,414,1,0.5532302260398865,1
4281,4282,YLR307W,YLR308W,255,1,0.7383456826210022,4
4149,4150,YLR178C,YLR179C,243,0,0.22055740654468536,0
3916,3917,YLL016W,YLL017W,218,1,0.44779732823371887,2
3892,3894,YKR099C-A,YKR100C,215,1,0.9825423955917358,0
3663,3662,YKL096W-A,YKL096W,183,1,0.19740960001945496,4
3144,3981,YIR013C,YLR013W,223,1,0.3683580458164215,0
3074,3075,YIL120W,YIL121W,136,1,0.8139271140098572,0
2929,2930,YHR198C,YHR199C,123,1,0.44602566957473755,2
2598,3899,YGR224W,YKR105C,216,1,0.6342523694038391,0
761,2598,YCL069W,YGR224W,216,1,0.9031286835670471,0
720,721,YCL026C-A,YCL026C-B,10,1,0.8445388078689575,0
218,219,YAL060W,YAL061W,229,1,0.16763028502464294,4
5919,6206,YOR391C,YPL280W,570,1,0.7250311970710754,2
5917,6203,YOR389W,YPL277C,568,1,0.570696234703064,4
5518,5519,YOL162W,YOL163W,448,1,0.48589569330215454,4
5203,5205,YNL268W,YNL270C,385,1,0.5711703896522522,4
4952,4968,YNL018C,YNL034W,353,1,0.743045449256897,1
3869,4852,YKR076W,YMR251W,332,1,0.28927192091941833,3
2946,3123,YHR214W,YIL169C,445,1,0.3765740394592285,4
2363,5915,YGL258W,YOR387C,511,1,0.6831105947494507,2
2032,3557,YFL056C,YJR155W,387,1,0.8815941214561462,0
1754,5348,YEL069C,YNR072W,411,1,0.5971859693527222,2
1679,3130,YDR542W,YIL176C,140,1,0.8147757053375244,0
1597,5080,YDR461W,YNL145W,371,1,0.6316949725151062,1
1119,2032,YDL243C,YFL056C,387,1,0.9390984773635864,0
692,1123,YBR298C,YDL247W,177,1,0.6383673548698425,2
692,3562,YBR298C,YJR160C,177,1,0.6275193095207214,2
262,2944,YAR062W,YHR213W,124,1,0.5650327801704407,2
228,383,YAL068C,YBL108C-A,96,1,0.5861139297485352,0
228,2668,YAL068C,YGR294W,96,1,0.43797197937965393,0
222,262,YAL064C-A,YAR062W,124,1,0.6294163465499878,2
222,2944,YAL064C-A,YHR213W,124,1,0.5972912311553955,2
221,258,YAL063C,YAR050W,4,1,0.5918557047843933,2
5381,5382,YOL028C,YOL029C,420,1,0.8736117482185364,0
3730,3731,YKL163W,YKL164C,187,1,0.47758975625038147,4
3552,3553,YJR150C,YJR151C,344,1,0.9425206184387207,0
3118,3119,YIL164C,YIL165C,137,1,0.2429579794406891,4
2982,6281,YIL029C,YPR071W,578,1,0.7286782264709473,4
1764,3399,YEL077C,YJL225C,158,1,0.06122145056724548,0
1755,5349,YEL070W,YNR073C,412,1,0.9762802720069885,0
1119,3557,YDL243C,YJR155W,387,1,0.9625048637390137,0
696,3176,YBR302C,YIR044C,146,1,0.5586410760879517,0
693,2666,YBR299W,YGR292W,157,1,0.7656578421592712,3
485,486,YBR092C,YBR093C,7,1,0.6235625147819519,3
250,252,YAR029W,YAR031W,3,1,0.3233383297920227,2
99,101,Q0045,Q0070,0,1,0.9438660144805908,0
5918,6205,YOR390W,YPL279C,569,1,0.8044771552085876,4
5352,5517,YNR076W,YOL161C,447,1,0.652863085269928,1
5344,5345,YNR068C,YNR069C,410,0,0.32401296496391296,2
4767,4768,YMR169C,YMR170C,330,1,0.6074761152267456,2
4447,4448,YML002W,YML003W,280,1,0.4630674719810486,4
3897,3898,YKR103W,YKR104W,217,1,0.5493577122688293,3
3394,5512,YJL219W,YOL156W,446,1,0.6707043051719666,3
3121,3122,YIL167W,YIL168W,138,1,0.6418105959892273,3
2780,2782,YHR054C,YHR056C,103,1,0.6427682638168335,1
2779,2781,YHR053C,YHR055C,102,1,0.670910120010376,2
2768,2769,YHR043C,YHR044C,101,1,0.7505043148994446,3
2669,5271,YGR295C,YNL336W,391,1,0.6588699221611023,3
1967,1968,YER186W-A,YER187W,90,1,0.8648726940155029,0
1164,1165,YDR038C,YDR039C,29,0,0.9004119634628296,0
1123,3562,YDL247W,YJR160C,177,1,0.615177571773529,2
1122,3561,YDL246C,YJR159W,229,1,0.3746553957462311,4
1121,3560,YDL245C,YJR158W,176,1,0.5793963670730591,2
864,865,YCR100C,YCR101C,13,1,0.5925998091697693,3
613,614,YBR219C,YBR220C,9,1,0.5715680122375488,2
383,2668,YBL108C-A,YGR294W,96,1,0.5240872502326965,0
248,249,YAR027W,YAR028W,2,1,0.5107513070106506,4
